{
  "id": "intermediaire_21_moyennes_classes",
  "titre": "Moyennes par Classe avec MOYENNE.SI",
  "niveau": "intermediaire",
  "duree_estimee": "28 min",
  "competences": [
    "MOYENNE.SI"
  ],
  "contexte": {
    "situation": "Tu analyses les résultats de 55 élèves répartis en 4 classes.",
    "manager": {
      "nom": "Votre manager",
      "poste": "Responsable"
    },
    "enjeux": "Traiter cette demande efficacement.",
    "deadline": "Dès que possible"
  },
  "objectifs": [
    "Calculer la moyenne de chaque classe",
    "Comparer les performances entre classes",
    "Identifier les classes en difficulté"
  ],
  "consignes": [
    "Dans G2, calcule la moyenne élève: =MOYENNE(D2:F2)",
    "Crée une feuille 'Analyse Classes' avec les 4 classes",
    "Pour chaque classe, calcule: =MOYENNE.SI(Eleves!$C$2:$C$56;A2;Eleves!$G$2:$G$56)",
    "Identifie la meilleure classe et la classe en difficulté",
    "Calcule l'écart entre meilleure et moins bonne classe",
    "Compte les élèves >12 dans chaque classe"
  ],
  "donnees": {
    "headers": [
      "Nom",
      "Prénom",
      "Classe",
      "Note 1",
      "Note 2",
      "Note 3",
      "Moyenne"
    ],
    "rows": [
      [
        "Bernard",
        "Iris",
        "3B",
        16.1,
        8,
        8.7,
        ""
      ],
      [
        "Robert",
        "Nathan",
        "3D",
        13.5,
        16.4,
        16.8,
        ""
      ],
      [
        "Dubois",
        "Zoé",
        "3D",
        12.2,
        9.8,
        14.7,
        ""
      ],
      [
        "Vincent",
        "Marie",
        "3C",
        11.8,
        15.1,
        10.8,
        ""
      ],
      [
        "Roux",
        "Bob",
        "3B",
        12.7,
        16.3,
        15.7,
        ""
      ],
      [
        "Richard",
        "Olivia",
        "3A",
        11.3,
        16.9,
        17.5,
        ""
      ],
      [
        "Leroy",
        "Charlie",
        "3C",
        11.4,
        15,
        16.3,
        ""
      ],
      [
        "Petit",
        "Charlie",
        "3B",
        12.2,
        14.4,
        12.3,
        ""
      ],
      [
        "Thomas",
        "Sam",
        "3D",
        13.3,
        10.8,
        10.7,
        ""
      ],
      [
        "Bertrand",
        "Victor",
        "3A",
        9.5,
        15.7,
        12.6,
        ""
      ],
      [
        "David",
        "Eve",
        "3B",
        17.1,
        11.9,
        11.6,
        ""
      ],
      [
        "Thomas",
        "Rose",
        "3B",
        13.7,
        16.1,
        8.8,
        ""
      ],
      [
        "Martin",
        "Xavier",
        "3C",
        13.4,
        12.1,
        11,
        ""
      ],
      [
        "Petit",
        "Eve",
        "3B",
        11.7,
        17.1,
        10,
        ""
      ],
      [
        "Martin",
        "Iris",
        "3B",
        8.1,
        16.3,
        11.2,
        ""
      ],
      [
        "Lambert",
        "Alice",
        "3D",
        15.7,
        9.1,
        10.4,
        ""
      ],
      [
        "Vincent",
        "Jack",
        "3C",
        9,
        8.6,
        8.7,
        ""
      ],
      [
        "Lefebvre",
        "Sam",
        "3B",
        9.9,
        12,
        16.1,
        ""
      ],
      [
        "Robert",
        "Alice",
        "3D",
        10.8,
        14.1,
        14.7,
        ""
      ],
      [
        "Durand",
        "Eve",
        "3A",
        11.3,
        13.7,
        12.6,
        ""
      ],
      [
        "Martin",
        "Bob",
        "3D",
        9.1,
        14.7,
        17.6,
        ""
      ],
      [
        "Lambert",
        "Henry",
        "3C",
        15.2,
        15.5,
        11.7,
        ""
      ],
      [
        "Lefebvre",
        "Yves",
        "3A",
        14.9,
        15.9,
        9,
        ""
      ],
      [
        "Thomas",
        "Xavier",
        "3B",
        11.8,
        8.5,
        14.6,
        ""
      ],
      [
        "Dubois",
        "Alice",
        "3C",
        9.9,
        12.2,
        15,
        ""
      ],
      [
        "Garcia",
        "Sam",
        "3C",
        8.2,
        8.9,
        17.7,
        ""
      ],
      [
        "Roux",
        "Uma",
        "3D",
        17,
        13.6,
        8.1,
        ""
      ],
      [
        "Durand",
        "Bob",
        "3A",
        9.7,
        17.5,
        8.6,
        ""
      ],
      [
        "Martin",
        "Marie",
        "3B",
        13.5,
        14.6,
        14,
        ""
      ],
      [
        "Dubois",
        "Victor",
        "3A",
        9.5,
        17.7,
        15.3,
        ""
      ],
      [
        "Michel",
        "Victor",
        "3C",
        12.7,
        13.2,
        10.2,
        ""
      ],
      [
        "Vincent",
        "Jack",
        "3D",
        13.6,
        12.3,
        10,
        ""
      ],
      [
        "Michel",
        "Olivia",
        "3B",
        10,
        15.5,
        14.1,
        ""
      ],
      [
        "Bernard",
        "Diana",
        "3C",
        9.8,
        15.4,
        15,
        ""
      ],
      [
        "Dubois",
        "Tom",
        "3A",
        17.6,
        14.3,
        17.5,
        ""
      ],
      [
        "Garcia",
        "Leo",
        "3D",
        11.7,
        16.6,
        10.2,
        ""
      ],
      [
        "Lambert",
        "Iris",
        "3C",
        16.3,
        11.2,
        11.6,
        ""
      ],
      [
        "Dubois",
        "Zoé",
        "3A",
        11.1,
        13,
        14.8,
        ""
      ],
      [
        "Vincent",
        "Olivia",
        "3A",
        17.4,
        11.3,
        8.7,
        ""
      ],
      [
        "Simon",
        "Tom",
        "3B",
        8.7,
        9.9,
        8.1,
        ""
      ],
      [
        "Michel",
        "Leo",
        "3A",
        15.9,
        12.6,
        10.7,
        ""
      ],
      [
        "Roux",
        "Tom",
        "3A",
        17.6,
        17.6,
        17.7,
        ""
      ],
      [
        "Richard",
        "Olivia",
        "3B",
        13.8,
        17.3,
        11.7,
        ""
      ],
      [
        "Lefebvre",
        "Alice",
        "3D",
        16.2,
        8.1,
        17.3,
        ""
      ],
      [
        "Laurent",
        "Yves",
        "3D",
        12.4,
        17.7,
        17.5,
        ""
      ],
      [
        "Fournier",
        "Nathan",
        "3D",
        13.1,
        15.4,
        11,
        ""
      ],
      [
        "Dubois",
        "Henry",
        "3A",
        10.1,
        10.6,
        10.5,
        ""
      ],
      [
        "Bertrand",
        "Yves",
        "3B",
        13.6,
        14.3,
        11.8,
        ""
      ],
      [
        "Thomas",
        "Kate",
        "3C",
        8.1,
        17.9,
        15.8,
        ""
      ],
      [
        "Moreau",
        "Nathan",
        "3A",
        16.7,
        14.9,
        10.1,
        ""
      ],
      [
        "Bertrand",
        "Grace",
        "3C",
        11,
        17.1,
        16,
        ""
      ],
      [
        "Leroy",
        "Marie",
        "3D",
        8,
        10.1,
        16.1,
        ""
      ],
      [
        "Laurent",
        "Tom",
        "3A",
        15.4,
        11.9,
        9,
        ""
      ],
      [
        "Bonnet",
        "Iris",
        "3D",
        14.1,
        15.9,
        15.1,
        ""
      ],
      [
        "Durand",
        "Henry",
        "3B",
        12.4,
        10.7,
        16.3,
        ""
      ]
    ]
  },
  "criteres_reussite": {
    "moyenne_si_correcte": true,
    "analyses_classes": true,
    "score_minimum": 8
  },
  "checkpoints": [
    {
      "cellule": "G2",
      "type": "formule",
      "description": "Calcul de la moyenne élève (première ligne)",
      "fonction": "MOYENNE",
      "pattern": [
        "MOYENNE",
        "D2:F2"
      ],
      "recopie_jusqua": "G56",
      "points": 15,
      "indices": [
        "Il faut calculer la moyenne des trois notes de chaque élève.",
        "Utilise la fonction MOYENNE sur la plage des trois notes.",
        "=MOYENNE(D2:F2)"
      ],
      "id": "cp_1",
      "computation": {
        "type": "average",
        "column": "auto"
      }
    },
    {
      "cellule": "G56",
      "type": "formule",
      "description": "Calcul de la moyenne élève (dernière ligne)",
      "fonction": "MOYENNE",
      "pattern": [
        "MOYENNE",
        "D56:F56"
      ],
      "recopie_jusqua": null,
      "points": 5,
      "indices": [
        "Vérifie que la formule a été correctement recopiée jusqu'à la fin.",
        "La dernière ligne doit calculer la moyenne des notes D56 à F56.",
        "=MOYENNE(D56:F56)"
      ],
      "id": "cp_2",
      "computation": {
        "type": "average",
        "column": "auto"
      }
    },
    {
      "cellule": "Analyse Classes!A2",
      "type": "valeur",
      "description": "Première classe dans la feuille d'analyse",
      "fonction": null,
      "pattern": null,
      "recopie_jusqua": null,
      "points": 5,
      "indices": [
        "Tu dois créer une nouvelle feuille avec les noms des classes.",
        "Liste les 4 classes en colonne A à partir de A2.",
        "Écris le nom de la première classe en A2."
      ],
      "id": "cp_3"
    },
    {
      "cellule": "Analyse Classes!B2",
      "type": "formule",
      "description": "Moyenne de la première classe avec MOYENNE.SI",
      "fonction": "MOYENNE.SI",
      "pattern": [
        "MOYENNE.SI",
        "Eleves!$C$2:$C$56",
        "A2",
        "Eleves!$G$2:$G$56"
      ],
      "recopie_jusqua": "B5",
      "points": 25,
      "indices": [
        "Il faut calculer la moyenne des moyennes pour chaque classe.",
        "Utilise MOYENNE.SI avec la colonne classe comme critère et la colonne moyenne comme valeurs.",
        "=MOYENNE.SI(Eleves!$C$2:$C$56;A2;Eleves!$G$2:$G$56)"
      ],
      "id": "cp_4"
    },
    {
      "cellule": "Analyse Classes!B5",
      "type": "formule",
      "description": "Moyenne de la dernière classe avec MOYENNE.SI",
      "fonction": "MOYENNE.SI",
      "pattern": [
        "MOYENNE.SI",
        "Eleves!$C$2:$C$56",
        "A5",
        "Eleves!$G$2:$G$56"
      ],
      "recopie_jusqua": null,
      "points": 10,
      "indices": [
        "Vérifie que la formule MOYENNE.SI a été recopiée pour toutes les classes.",
        "La dernière classe doit avoir sa propre formule MOYENNE.SI.",
        "=MOYENNE.SI(Eleves!$C$2:$C$56;A5;Eleves!$G$2:$G$56)"
      ],
      "id": "cp_5"
    },
    {
      "cellule": "Analyse Classes!D2",
      "type": "formule",
      "description": "Identification de la meilleure classe",
      "fonction": "MAX",
      "pattern": [
        "MAX",
        "B2:B5"
      ],
      "recopie_jusqua": null,
      "points": 10,
      "indices": [
        "Pour trouver la meilleure classe, cherche la moyenne la plus élevée.",
        "Utilise la fonction MAX sur les moyennes des classes.",
        "=MAX(B2:B5)"
      ],
      "id": "cp_6",
      "computation": {
        "type": "max",
        "column": "auto"
      }
    },
    {
      "cellule": "Analyse Classes!D3",
      "type": "formule",
      "description": "Identification de la classe en difficulté",
      "fonction": "MIN",
      "pattern": [
        "MIN",
        "B2:B5"
      ],
      "recopie_jusqua": null,
      "points": 10,
      "indices": [
        "Pour trouver la classe en difficulté, cherche la moyenne la plus faible.",
        "Utilise la fonction MIN sur les moyennes des classes.",
        "=MIN(B2:B5)"
      ],
      "id": "cp_7",
      "computation": {
        "type": "min",
        "column": "auto"
      }
    },
    {
      "cellule": "Analyse Classes!D4",
      "type": "formule",
      "description": "Calcul de l'écart entre meilleure et moins bonne classe",
      "fonction": null,
      "pattern": [
        "D2",
        "D3",
        "-"
      ],
      "recopie_jusqua": null,
      "points": 10,
      "indices": [
        "L'écart, c'est la différence entre deux valeurs.",
        "Soustrais la moins bonne moyenne de la meilleure moyenne.",
        "=D2-D3"
      ],
      "id": "cp_8"
    },
    {
      "cellule": "Analyse Classes!C2",
      "type": "formule",
      "description": "Comptage des élèves >12 dans la première classe",
      "fonction": "NB.SI.ENS",
      "pattern": [
        "NB.SI.ENS",
        "Eleves!$C$2:$C$56",
        "A2",
        "Eleves!$G$2:$G$56",
        ">12"
      ],
      "recopie_jusqua": "C5",
      "points": 10,
      "indices": [
        "Il faut compter les élèves qui ont plus de 12 de moyenne dans chaque classe.",
        "Utilise NB.SI.ENS avec deux critères : la classe ET la moyenne >12.",
        "=NB.SI.ENS(Eleves!$C$2:$C$56;A2;Eleves!$G$2:$G$56;\">12\")"
      ],
      "id": "cp_9"
    }
  ],
  "competence_ids": [
    4,
    13
  ]
}